<?xml version="1.0" encoding="UTF-8"?>
<project-private xmlns="http://www.netbeans.org/ns/project-private/1">
    <editor-bookmarks xmlns="http://www.netbeans.org/ns/editor-bookmarks/2" lastBookmarkId="0"/>
    <open-files xmlns="http://www.netbeans.org/ns/projectui-open-files/2">
        <group>
            <file>file:/media/jamie/5837-6DC7/PirateGame/src/game/Sound.java</file>
            <file>file:/media/jamie/5837-6DC7/PirateGame/src/game/DS.java</file>
        </group>
    </open-files>
</project-private>
