<?xml version="1.0" encoding="UTF-8"?>
<project-private xmlns="http://www.netbeans.org/ns/project-private/1">
    <editor-bookmarks xmlns="http://www.netbeans.org/ns/editor-bookmarks/2" lastBookmarkId="0"/>
    <open-files xmlns="http://www.netbeans.org/ns/projectui-open-files/2">
        <group>
            <file>file:/Users/danielpapadopoulos/Documents/Java/ICS4U/PirateGame/src/game/DrawingSurface.java</file>
            <file>file:/Users/danielpapadopoulos/Documents/Java/ICS4U/PirateGame/src/game/Map.java</file>
            <file>file:/Users/danielpapadopoulos/Documents/Java/ICS4U/PirateGame/src/game/PirateGame.java</file>
            <file>file:/Users/danielpapadopoulos/Documents/Java/ICS4U/PirateGame/src/GameFiles/MapData.txt</file>
            <file>file:/Users/danielpapadopoulos/Documents/Java/ICS4U/PirateGame/src/game/Boat.java</file>
            <file>file:/Users/danielpapadopoulos/Documents/Java/ICS4U/PirateGame/src/game/FunctionHandler.java</file>
        </group>
    </open-files>
</project-private>
